{"cameraMode":{"drawMode":0,"name":"Shaded","section":"Shading Mode"},"sceneLighting":false,"audioPlay":false,"sceneViewState":{"showFog":false,"showMaterialUpdate":false,"showSkybox":false,"showFlares":false,"showImageEffects":false,"showParticleSystems":false},"in2DMode":false,"pivot":{"x":0.0,"y":0.10883212089538574,"z":0.051599979400634769},"rotation":{"x":0.1606820970773697,"y":0.013319196179509163,"z":-0.002203786512836814,"w":0.9869139194488525},"size":3.710545301437378,"orthographic":true}