{"cameraMode":{"drawMode":0,"name":"Shaded","section":"Shading Mode"},"sceneLighting":false,"audioPlay":false,"sceneViewState":{"showFog":false,"showMaterialUpdate":false,"showSkybox":false,"showFlares":false,"showImageEffects":false,"showParticleSystems":false},"in2DMode":false,"pivot":{"x":31.85285758972168,"y":0.5217156410217285,"z":51.61647415161133},"rotation":{"x":0.1606820970773697,"y":0.013319196179509163,"z":-0.002203786512836814,"w":0.9869139194488525},"size":17.81981658935547,"orthographic":true}