{"cameraMode":{"drawMode":0,"name":"Shaded","section":"Shading Mode"},"sceneLighting":false,"audioPlay":false,"sceneViewState":{"showFog":false,"showMaterialUpdate":false,"showSkybox":false,"showFlares":false,"showImageEffects":false,"showParticleSystems":false},"in2DMode":false,"pivot":{"x":-0.27294921875,"y":0.05087801069021225,"z":7.005309581756592},"rotation":{"x":0.3813678026199341,"y":-0.5833649635314941,"z":0.3580585718154907,"w":0.6213194727897644},"size":3.5636987686157228,"orthographic":true}