{"cameraMode":{"drawMode":0,"name":"Shaded","section":"Shading Mode"},"sceneLighting":false,"audioPlay":false,"sceneViewState":{"showFog":false,"showMaterialUpdate":false,"showSkybox":false,"showFlares":false,"showImageEffects":false,"showParticleSystems":false},"in2DMode":false,"pivot":{"x":-0.000014676985301775858,"y":-0.000001304619331676804,"z":0.0},"rotation":{"x":0.024773240089416505,"y":0.9212691187858582,"z":-0.3835476338863373,"w":0.059504467993974689},"size":0.00007072263542795554,"orthographic":true}