{"cameraMode":{"drawMode":0,"name":"Shaded","section":"Shading Mode"},"sceneLighting":false,"audioPlay":false,"sceneViewState":{"showFog":false,"showMaterialUpdate":false,"showSkybox":false,"showFlares":false,"showImageEffects":false,"showParticleSystems":false},"in2DMode":false,"pivot":{"x":0.0,"y":-0.0000032186508178710939,"z":9.289999961853028},"rotation":{"x":0.4549656808376312,"y":0.057367097586393359,"z":-0.029386967420578004,"w":0.8881732225418091},"size":34.37781524658203,"orthographic":true}