{"cameraMode":{"drawMode":0,"name":"Shaded","section":"Shading Mode"},"sceneLighting":true,"audioPlay":false,"sceneViewState":{"showFog":false,"showMaterialUpdate":false,"showSkybox":false,"showFlares":false,"showImageEffects":false,"showParticleSystems":false},"in2DMode":false,"pivot":{"x":33.37126159667969,"y":0.8234081268310547,"z":51.53308868408203},"rotation":{"x":0.44249388575553896,"y":-0.008070607669651509,"z":0.003982707392424345,"w":0.8967263698577881},"size":52.7102165222168,"orthographic":true}