{"cameraMode":{"drawMode":0,"name":"Shaded","section":"Shading Mode"},"sceneLighting":false,"audioPlay":false,"sceneViewState":{"showFog":false,"showMaterialUpdate":false,"showSkybox":false,"showFlares":false,"showImageEffects":false,"showParticleSystems":false},"in2DMode":false,"pivot":{"x":0.0,"y":-0.000007271766662597656,"z":-0.0000064373016357421879},"rotation":{"x":0.02224559709429741,"y":-0.9767823219299316,"z":0.17109009623527528,"w":0.1270027458667755},"size":27.587732315063478,"orthographic":true}